User,Date Created,Number of Likes,Source of Tweet,Tweets
Megs_hart92,2019-05-31 23:43:25+00:00,1,,I brought my dog to the groomer and brought home a naked mole rat ğŸ˜­
TheOGHandel,2019-05-31 23:27:38+00:00,1,,"@little__tunny Millicent!
Further referred to as
MILLIE
Milfoy
Millard
Milbo
Mil
Silly
Milliam
STINKY Gorl (but she smell so good, she's a great groomer) 
Squeaky
Grumbler (she does that lil cat sounds a lot)
Bastard Cat (when she attack feets) https://t.co/yTUmh6T0Lv"
sjnwoh,2019-05-31 23:21:12+00:00,1,,"@narnolddd I saw Marshmallow, too! Marshmallow probably was at the groomer's earlier today..."
paigeymariee,2019-05-31 23:19:33+00:00,1,,Bella went to the groomer today and she looks so freaking cute
cat_groomer,2019-05-31 23:01:21+00:00,0,,"Nimmy (Nimbus)

Grey Black silver maine coon. #mainecoon #mainecooncats #thecatgroomer https://t.co/LVJmUuQPw5"
johnbryant1017,2019-05-31 22:47:25+00:00,0,,"@FaithGoldy Faith, you could make the second option your dog groomer, the 5-year-old who leaves his bike in your yard, a bag of dirt, Harambe the dead gorilla, and all of them would poll higher than Trudeau"
KennethMLK,2019-05-31 22:39:05+00:00,1,,"@DorothyBruce14 There's a smugness there - hints of behind the scenes anointing. A friendly call from old groomer Andrew Neil ? good write ups in the press, QT, it adds up.
Have no illusions, Joe Bloggs will like her, and nasty remarks on Twitter will rebound. Still don't see why lying is needed"
heradasha,2019-05-31 22:18:31+00:00,0,,"Just made an appointment with a new dog groomer, who asked for my number ""in case we need to contact you, say if Gravy gets hit by a bus or something.""

WHY IS THAT YOUR EXAMPLE

WHY https://t.co/ERZamQdUou"
kristylucas42,2019-05-31 21:58:59+00:00,0,,"Looking for recommendations for a really good small dog groomer? Preferably in Rice Lake. 
Just had Zoey's haircut today (I will not name the groomer) and I'm just not happy with it, plus they charged us an extra... https://t.co/ZpRkm48hZu"
SeeLukeTri,2019-05-31 21:54:00+00:00,12,,Today it was Mollyâ€™s turn with the groomer https://t.co/DPzZiyfLho
1stplacemobile,2019-05-31 21:41:34+00:00,0,,"Maki had a spa day. Thanks Terri. Groomer Leota #cockerspaniel #1stplacedoggroomingsalon #mcdonoughdoggroomingsalon #doggrooming @ McDonough, Georgia https://t.co/EUFVZH29YW"
twinfaun,2019-05-31 21:32:57+00:00,0,,Wow the dog groomer really stood us up 3 times LMFAOJDJD
BennyWatson04,2019-05-31 21:17:50+00:00,1,,@1800PetMeds Boshi loves the groomer! ğŸ•â¤ï¸ğŸ‘ https://t.co/tPOLd9g9oH https://t.co/ZtM5cjXCMW
1stplacemobile,2019-05-31 21:17:30+00:00,0,,"Ness had a spa day. Thanks Sharon. Groomer Rachel #dogsofinstagram #1stplacemobiledoggrooming #mcdonoughmobilegroomer #hamptonmobilegroomer #Stockbridgemobilegroomer #locustgrovemobilegroomer @ Henry County, Georgia https://t.co/lT8uPOlmiS"
nimarmz,2019-05-31 21:08:07+00:00,4,,Cua do te llevan al groomer en contra de tu voluntad #schnauzer https://t.co/dDzZ5uD2mq
paperheart12,2019-05-31 21:04:40+00:00,0,,@CeeEmW I love when they leave the tail like that! My cat would go missing for days after a trip to the groomer. He hates us so much.
1stplacemobile,2019-05-31 20:54:48+00:00,0,,Diesel had a spa day. Thanks Devry. Groomer Rachel #dogsofinstagram #pitbull #1stplacemobiledoggrooming #mcdonoughmobilegroomer #hamptonmobilegroomer #locustgrovemobilegroomer #stockbridgemobilegroomer @ Henryâ€¦ https://t.co/KRaBJlprBd
smvandy422,2019-05-31 20:53:33+00:00,1,,Hubby is working and the dogs are at the groomer.....I have the house to myself and itâ€™s weird
GroomsMeg,2019-05-31 20:52:56+00:00,0,,#dogsofinstagram #doggrooming #groomer #dogs #doggroomer #petstylist #spaw #dogs_of_instagram #petgrooming #grooming #dogsalon #instagramdogs #cutedog #adorable #greencovesprings #petsofinstagram #dogofthedayâ€¦ https://t.co/b0qfwbMhdk
1stplacemobile,2019-05-31 20:52:51+00:00,0,,"Max had a spa day. Thanks Heather. Groomer Rachel #chihuahua #jackrussell #mixedbreed #1stplacemobiledoggrooming #mcdonoughmobilegroomer @ Henry County, Georgia https://t.co/Pzt2tzrCHg"
TetraTerezi,2019-05-31 20:28:10+00:00,0,,Cat Groom Member Talk Live with My Favorite Groomer https://t.co/whRPaQ2Ne9 https://t.co/LCj0gK3WjU
sunriserage,2019-05-31 20:10:02+00:00,0,,I took my dog to the groomer and they told me to come back in 2 hours but I feel weird knowing my dog is somewhere unfamiliar without me please help
1stplacemobile,2019-05-31 20:04:31+00:00,0,,"Louis had a makeover. Thanks Halima. Groomer Leota. #dogsofinstagram #maltese #1stplacedoggroomingsalon #mcdonoughdoggroomingsalon @ McDonough, Georgia https://t.co/GmaFjyeeT5"
hashtagnpisces,2019-05-31 20:01:56+00:00,3,,"*leaving the groomer*

Dog: *goes into the biggest puddle in the parking lot*

Me: this is why they call you a bitch"
FoundAnimalsOrg,2019-05-31 20:00:27+00:00,2,,"""Hey, don't I know you from somewhere?"". Check out this priceless reaction when a pup runs into their groomer in the real world. ğŸ˜‚  https://t.co/28GJlAE7xt"
1stplacemobile,2019-05-31 19:56:18+00:00,0,,"Big had a spa day. Thanks Jamie. Groomer Leota #dogsofinstagram #minischnauzer #1stplacedoggrooming #1stplacedoggroomingsalon #mcdonoughdoggroomingsalon @ McDonough, Georgia https://t.co/FOdnJk8bTZ"
oppuc3,2019-05-31 19:55:40+00:00,0,,Chugchog the groomer
rxckfordpeach,2019-05-31 19:46:37+00:00,1,,Our dogs went to the groomer and @killakimbo â€˜s dad is mad the girl dog didnâ€™t get bows ğŸ˜‚ğŸ˜‚ğŸ˜‚ https://t.co/M8ZEWQ1eST
LowtherHillsSki,2019-05-31 19:44:22+00:00,9,,"Help us buy the only snow groomer in the South of Scotland! We are now half way our target. Can we buy the groomer before the winter season 2019/2020? Please help us to raise Â£9,900 to purchase the only snow groomer in the South of Scotland: https://t.co/V4PbDn6Bj6 https://t.co/agbGpzzlon"
AimeeMullinsFan,2019-05-31 19:41:32+00:00,5,,"Alfie went to the groomer todayâ¤
He was totally relaxedğŸ˜ #Alfie #Groomer #Grooming #handsome #dogsofinstagram #DogsofTwittter #GuideDogs https://t.co/H9yIc33FH4"
boganella1,2019-05-31 19:35:24+00:00,3,,"@BeetleBMD OMG!ğŸ˜®When we are big puppers sometimes we don't know our own strength. Leeloo loves playing with water, loves the hair dryer, loves the shower, but hates the groomer touching her nails"
PupTownSpaw,2019-05-31 19:31:02+00:00,0,,"When we're done with your pups, they'll be clean enough to let sleep in your bed again!

Pup Town Spaw - (210) 817-2680

#PupTownSpaw #Groomer #Pets #MobileGrooming #MobileDogGrooming #Mobile #DogSpaw #DogBath #DogHaircut #NailTrim #PetGroomer #PetGrooming #Grooming #doggroomer https://t.co/SQlq0TIHZ2"
ChloeAd35418085,2019-05-31 19:26:30+00:00,0,,"I live in such a small town, we only have one vet, and he charges a LOT.  I can't get the dogs to the nearest groomer (about 20 miles away), and SO much cheaper.  It just takes the vet about 2 minutes, I can't trim them alone as I can't hold and trim."
India_SoLovely,2019-05-31 19:26:29+00:00,0,,Okay now Iâ€™m mad because itâ€™s going to be raining by the time I pick him up from the groomer ğŸ˜­
Susannah_Bryan,2019-05-31 19:17:01+00:00,2,,Ziggyâ€™s back home after his first visit to the groomer. They sprayed conditioner in his eye. Vet says it scratched his cornea.  Needs ointment in his eye every hour for 3 days. #poorbaby https://t.co/op9OdtyFpA
the_ag_fox_1971,2019-05-31 19:14:18+00:00,7,,Someone went to the groomer! All clean &amp; ready for the weekend! https://t.co/4cuMX2Plfc
PetArabia,2019-05-31 19:03:41+00:00,0,,"Is your pet ready for #Eid? 
By Pet Arabiaâ€™s groomer Joan @ Pet Arabia Co. https://t.co/qzq81sjEFi"
leeannrvn,2019-05-31 18:59:46+00:00,1,,@hydrojen19 C'Mon now you know the best clients are really the ones that only believe their breeder/groomer/hairdresser - they're the dream!!!! ğŸ˜‚ğŸ˜‚ xx
MottaSilvinha,2019-05-31 18:42:35+00:00,0,,"Mas eu matava esse groomer!!! ğŸ˜‚
Mano????????ğŸ˜­ https://t.co/tAf9TKl0aG"
jill_millander,2019-05-31 18:16:06+00:00,2,,"@Mawinmo In my other tweets we were talking about meslisaa, Samâ€™s groomer who butchered his hair last time. But this tweet is just Sam and Cait posting their IG stories ğŸ¥°"
TeachH3R,2019-05-31 18:07:51+00:00,0,,I hope the groomer isnâ€™t judging me for how crazy my dogâ€™s hair is. She just donâ€™t know that he like to roll all over the place and tangle his hair in knots.
NoleGirl88,2019-05-31 18:06:19+00:00,1,,Zoey got her hair &amp; nails done at the groomer and is showing off. Rightly so. Sheâ€™s gorgeous. #HappyDog https://t.co/jQN4jd85au
MrsAitkenAnto,2019-05-31 17:54:37+00:00,3,,"It was â€˜Future Meâ€™ day at Antonine, we dressed up as the job we would like to do&amp;discussed the skills we had for that job. We had a dog groomer, chef, photographer, MI6 agent, police officer, makeup artist, undercover cop, artist, architect and many more. Well done P5 ğŸ‘ https://t.co/LsTHy5emwy"
petfulcom,2019-05-31 17:29:56+00:00,0,,Please RT if you find this interesting! 10 Things Your Dog Groomer Wishes You Knew https://t.co/KywplHB9vK
nuclearcarly,2019-05-31 17:25:37+00:00,0,,@alyssakeiko â€œIâ€™m not racist but....my dog has a groomerâ€™s appointment that dayâ€
oppuc3,2019-05-31 17:15:09+00:00,0,,"oppuc3 has since retired, but used to work at DailyMotion as a groomer"
redvamirio,2019-05-31 17:14:34+00:00,0,,bad boy rolled around in dried poop before i could stop him now he probably needs to go to the groomer again
hobiyoons_,2019-05-31 17:11:16+00:00,2,,"this makeup artists/groomer iâ€™ve been following for a while now liked a bunch of my pics and commented on a picture of my makeup the lil hearts, iâ€™M ABOUT TO START CRYINGHDJSJS, iâ€™m so happy ğŸ˜­ğŸ˜­ğŸ’—ğŸ’—ğŸ’—ğŸ’— https://t.co/HgmADHLHnt"
PetSmart,2019-05-31 17:08:03+00:00,0,,"@NikiPardue I'm so glad to hear that you had a great experience! Lucy is looking great! I would love to pass on your compliments to the store. Could you DM me with your full name, the store location, and the groomer's name? - HH"
BeetleBMD,2019-05-31 17:05:54+00:00,4,,"@boganella1 You donâ€™t even want to try to give me a bath! Iâ€™ve taken Mom out a few times. Dad said â€œto let a groomer do itâ€ and Mom said, â€œSo he could beat them up instead?!â€ Iâ€™m brutal at baths."
icandydesigning,2019-05-31 17:05:53+00:00,0,,Leaving our new groomer! Tiffany and Rosie look so pretty ğŸ’– My Rosie had a bad grooming experience at our last place and was very frightened ğŸ™ but she came out happy and excited when I picked her up today ğŸ’•  Thanks to the team at Vanity Fur! â€” at... https://t.co/FzudqZCCQg
shijeonne,2019-05-31 17:05:18+00:00,0,,"@camlights_ YES??? wait is this not possible with dogs. Buy a nail clipper and watch a few tutorials! If you're scared, you can take them to a groomer. 

https://t.co/6MIWCxJOQf"
amadeus_pluis,2019-05-31 17:01:19+00:00,11,,Pluis: Groomer at home tomorrow morning ğŸ¤”ğŸ˜®ğŸ‡ https://t.co/6DPh8NSlhE
Rafal_Kurtzman,2019-05-31 16:59:13+00:00,0,,@MuciPuciPuci A kto to jest Groomer?
doggroomwales,2019-05-31 16:51:51+00:00,1,,"Today I was playing with my nice new shiny @SianAbbfabb scissors, I am well impressed..and they are that sharp..... scissors 2 groomer 0 ğŸ˜ #whoops #ouch #healthandsafetyfail #healthandsafety @ Dog And Bone Grooming https://t.co/YUboF3qLB5"
Marina935home,2019-05-31 16:43:51+00:00,5,,"@tegan4618 @sandyincanada @BrashleyDebbie @Axolotl_2019 @cobalttash @lynda3035 @Tosca3333 @Lpowell588Lady @2kewlabs @BloomNight2 I did &amp; it helped the cats, but I should have given some to the groomer ğŸ˜  She wasnâ€™t feeling well so she wasnâ€™t herself."
themackdaddy94,2019-05-31 16:28:57+00:00,0,,"@lizzzahn 1. You went to to a cheap, chain pet store groomer. You get what you pay for. 
2. Thatâ€™s a pretty damn good haircut considering, and frankly I think the dog looks much better &amp; put together"
themackdaddy94,2019-05-31 16:26:21+00:00,0,,"@_aalyssaaa Iâ€™d be willing to bet a good amount of money that: 
A. You went to a cheap, chain pet store groomer
B. Your dog was so matted that a shave down was the only option
C. You didnâ€™t properly explain what you were looking for to the groomer OR
D. Some combination of the above options"
ThalgoUSA,2019-05-31 16:17:53+00:00,1,,"New THALGO Men Gift Collections! The Beard Groomer set includes:
â€¢ THALGO Men Cleansing Gel
â€¢ THALGO Men Shaving Gel (Travel Size)
â€¢ F + Jâ€™s Classic Beard Oil
â€¢ F + Jâ€™s Conditioning Beard Balm
â€¢ THALGO Toiletry Bagâ€¦ https://t.co/yD6ulzGXzX"
laurie_berke,2019-05-31 16:17:02+00:00,0,,@legroff Bring a pic of what she should look like. It will help your groomer (although she *should* know)
FlyeraKenz,2019-05-31 16:05:00+00:00,1,,"My groomer just called my mom to tell her that Louie has candy in between his toes 

Again"
SnarkyFridays,2019-05-31 16:03:26+00:00,1,,@JennArndt @bkives My bet's on Poodle Groomer to the Stars.
COLRICHARDKEMP,2019-05-31 15:53:13+00:00,59,,"Itâ€™s the policeâ€™s fault, Javidâ€™s fault, Tower Hamletsâ€™ fault, a â€œgroomerâ€™sâ€ fault. Everyoneâ€™s fault but your innocent client who had no idea what she was doing or her family. As a lawyer you have a duty to report the identity of the â€œgroomerâ€ to police for prosecution."
LetsBuildLego1,2019-05-31 15:49:27+00:00,2,,NEW VIDEO NOW LIVE! Happy Friday everyone check out our new #Lego Build Video now live: LET'S BUILD LEGO â€“  Snow Groomer Lego City 60222  - Unboxing and Build 2019 https://t.co/t61YpoD497 via @YouTube @lego #Legovideo #Youtube #smallyoutuber
aneerbas,2019-05-31 15:45:11+00:00,0,,I dropped the dogs off at the groomer and my anxiety is at 1000%.
ronikoepp,2019-05-31 15:38:31+00:00,0,,"Now hiring, experienced bather and groomer
We honor most  competitor coupons
#acutabovepetsalon.net #hiringbather&amp;groomer #jobs #hiring #groomers #petbather #petcare #job #dogs #cats #bunnies #dog #catstagramâ€¦ https://t.co/TbVLfIzWgI"
belladonna410,2019-05-31 15:29:11+00:00,2,,"The groomer did a great job, but I feel like I have a different dog. Like who is this wennie dog ğŸ˜‚ https://t.co/xk1xK1uMT8"
cat_groomer,2019-05-31 15:22:17+00:00,0,,"Amahya, two weeks after a custom #teddybear clip. Amayha's mum and dad wanted to retain the natural mane, her tail and just trim everywhere else to aid them in the combing process. This young lady is a prolificâ€¦ https://t.co/RT3bgGTSaq"
bkoo,2019-05-31 15:02:30+00:00,3,,"This was a call with a groomer and this didnâ€™t help at all.

â€œIâ€™ve literally never heard of a perfect in all my years doing thisâ€"
Beatepdx,2019-05-31 14:58:07+00:00,1,,@thatbilloakley Wow!!! Groomer? Or do you have another great hidden talent as cat groomer? ğŸ˜ºğŸ˜»
UKIPVeterans,2019-05-31 14:57:58+00:00,3,,@COLRICHARDKEMP Indeed. Her groomer should be despatched to join her.
dealonwheel,2019-05-31 14:42:15+00:00,0,,"HAIRBY Ladies Shaver Bikini Trimmer, 4 in 1 USB Rechargeable Women Groomer Razoe, Nose Hair Trimmer https://t.co/9A8Sw50Sb2"
SunnyDelRae7,2019-05-31 14:25:02+00:00,0,,"#letgo Today I walked two miles, drank bioenergy greens and had a list of errands to run. Jumped in to car w/dog &amp; turned my car key â€œclick silenceâ€...dead battery. Guess the universe had other plans for me today... #grateful for G getting dog to groomer!ğŸ˜ https://t.co/ka4F8CFJrY"
oppuc3,2019-05-31 14:05:45+00:00,0,,Dingus works as a groomer at Twitter
p_reuteman,2019-05-31 13:59:31+00:00,36,,Testing out our Rahn groomer for Monday. https://t.co/OHro8m90l5
kinakowarabi123,2019-05-31 13:59:07+00:00,0,,"ãƒãƒ¼ã‚¯ã¡ã‚ƒã‚“â™¡
 ãƒãƒŠã¡ã‚ƒã‚“â™¡

å¯æ„›ã„å¯æ„›ã„å¯æ„›ã„ğŸ˜ğŸ’•

ãƒ‘ãƒ‘ã®ãŠè¿ãˆå¬‰ã—ã„ã­ãƒ¼ğŸ¶ğŸ’•ğŸ¶ğŸ’•

  #dogsalonhughug  #trimming #groomer#osaka #ãƒˆãƒªãƒŸãƒ³ã‚°   #ä½å‰åŒº #å¸å¡šå±± #dogstagram #ã„ã¤ã‚‚ã‚ã‚ŠãŒã¨ã†ã”ã–ã„ã¾ã™ğŸ’“ https://t.co/YGN8qg303o"
kinakowarabi123,2019-05-31 13:57:11+00:00,0,,"viviã¡ã‚ƒã‚“â™¡

å¤ãƒãƒ¼ã‚¸ãƒ§ãƒ³ğŸ¶âœ¨

é¦–å›ã‚Šã‚’ã‚¹ãƒƒã‚­ãƒªã—ãŸåˆ†
ã†ãã‚·ãƒƒãƒã¯ãƒœãƒªãƒ¥ãƒ¼ãƒ ã‚¢ãƒƒãƒ—â¤ï¸

#ã†ãã—ã£ã½
  #dogsalonhughug  #trimming #groomer#osaka #ãƒˆãƒªãƒŸãƒ³ã‚°   #ä½å‰åŒº #å¸å¡šå±± #dogstagram #ã„ã¤ã‚‚ã‚ã‚ŠãŒã¨ã†ã”ã–ã„ã¾ã™ğŸ’“ https://t.co/wvMXy8EHzh"
KillingtonMtn,2019-05-31 13:53:50+00:00,70,,"If you see a groomer, thank them for prepping Superstar for our final weekend! @GoPro #GoPro #beast365 #FridayThoughts https://t.co/zQCkElQtLg https://t.co/4L7J6d2wAV"
NoorEmoon,2019-05-31 13:46:13+00:00,0,,Onek groomer por brishti. Kintu eid er bechakena r Bari jawa...
Oneleggedtravel,2019-05-31 13:29:55+00:00,0,,"Need an Experienced groomer ASAP. Must be able to work alone and some kennel shifts. Must be able to do breed specific haircuts! Text Mandi @ 865.567.8290. Business is in Blaine, TN

Nicole Hardin
Heather Vozar... https://t.co/jYATwICppH"
bruninhagodoy7,2019-05-31 13:20:34+00:00,0,,"""Curta e compartilhe nossa pÃ¡gina e fique por dentro de nossas promoÃ§Ãµes"" ( Groomer's EstÃ©tica Animal) estamos na R: JosÃ© Ãlvaro Giovanelli,N:160, SÃ£o GonÃ§alo.                             

Agende jÃ¡ seu horÃ¡rio!

Waths ğŸ“²12 996368130ğŸ“²996481180â˜ï¸34130052ğŸ•ğŸ•ğŸ˜˜ https://t.co/gg0CuhXtVx"
jobscouk,2019-05-31 13:14:55+00:00,0,,"Trainee Dog Groomer - Newport, Blaenau Gwent - Pets at Home - #ukjobs https://t.co/4NK5gnFsPm"
mxll13x,2019-05-31 13:11:34+00:00,5,,"In fact, we used pets at home grooming services ONCE for my big puppy dog, we never returned because her haircut was disgraceful and id never seen her so stressed after being to the groomer before, so obviously now am thinking itâ€™s because the animals arenâ€™t treated properly."
GroomsMeg,2019-05-31 13:08:32+00:00,0,,#rubadubdub #twodogs in the #tub! #dogbathing #squeekyclean #dogsofinstagram #doggrooming #groomer #doggroomer #petstylist #spaw #petgrooming #grooming #dogsalon #instagramdogs #adorable #doggroominglife #sweetâ€¦ https://t.co/gdhPmhLjaj
notoriousholmes,2019-05-31 13:07:50+00:00,3,,Bears groomer just asked me if I wanted to add on the blueberry facial for $20. Donâ€™t ask what my answer was.
jobscouk,2019-05-31 12:54:55+00:00,0,,"Trainee Dog Groomer - Cross Hands, Carmarthenshire - Pets at Home - #ukjobs https://t.co/O4Zj9COjDx"
meeshelles,2019-05-31 12:47:16+00:00,4,,I dropped my dog off at the groomer and those cunty dogs were being mean. If he has any marks on him I will tackle 100%
dolceSally,2019-05-31 12:46:54+00:00,34,,"Todayâ€™s Grannyâ€™s (AnnaGrazia) birthday! ğŸ‚ğŸğŸ° 68 y.o.!!! 
Thank you for being my fav groomer ğŸ˜˜ğŸ˜˜ğŸ˜˜ https://t.co/mn3iVSag81"
SafeToNet,2019-05-31 12:35:27+00:00,3,,This is an interesting discussion - the power of the online predatory groomer. Grooming for radicalisation is the same process as grooming for other forms of exploitation and abuse. Watch for the offline signs.
petsathomejobs,2019-05-31 12:29:56+00:00,0,,"Part-Time Dog Groomer (20 Hours) - Kendal, Cumbria - Pets at Home - #ukjobs https://t.co/j9Z8D9SsEH"
jobscouk,2019-05-31 12:29:55+00:00,0,,"Part-Time Dog Groomer (20 Hours) - Kendal, Cumbria - Pets at Home - #ukjobs https://t.co/L8lx1TmZyl"
Bill4Brexit,2019-05-31 12:15:43+00:00,11,,"The most likely groomer was the local Iman 

BBC News - Shamima Begum: Lawyer says teen was 'groomed'
https://t.co/jvVxo0FDEy"
alexisgaughan,2019-05-31 11:39:41+00:00,3,,Pray 4 me as I take my 5 dogs to the groomer by myself
oldblagger,2019-05-31 11:38:07+00:00,1,,@ridders87 @Stu9891 @V11Stu Did he hide his face like badgeman the groomer of scott1d? https://t.co/stAQlRuhCG
SmilGeoff,2019-05-31 11:35:45+00:00,1,,"@Mabelschnauz001 Wow, awesome who's your groomer."
MorilloGroomer,2019-05-31 10:59:37+00:00,0,,"â€¢â€¢MAXâ€¢â€¢
#stripping #peloduro #fox #foxterrier #foxterriers #peluqueriacanina #peluqueriacaninasalamanca #salamanca #cabrerizos #dog #dogs #grooming #groomer #perros #bonito #feliz #lovemywork #happy #beautifuldog enâ€¦ https://t.co/8e3ADmaWcw"
oppuc3,2019-05-31 10:45:20+00:00,0,,"What if Eggy were like, a groomer at Youtube"
MoneymakerBetty,2019-05-31 09:56:35+00:00,0,,@ECMcLaughlin @SpeakerPelosi Fresh from the groomer and her summer do. https://t.co/2qXMJc8Cws
ralpha060461,2019-05-31 09:56:21+00:00,1,,Ozzyâ€™s off to the groomer today. No doubt heâ€™ll come back smelling like heâ€™s been to House of Fraser perfumery ğŸ¥´ğŸ¶
KitchenSteffi,2019-05-31 09:38:48+00:00,0,,"@LemonPiBoutique Yes spot-on! Cos of his teeth, he was making himself dirty &amp; cos of his kidney disease, the teeth had to wait while he adjusted to prescribed food. Once his levels were all good surgery went ahead ğŸ˜Š the other 2 get mats this time of year too, so groomer will do theirs â¤ï¸"
cat_groomer,2019-05-31 08:38:39+00:00,1,,"Showcasing Baxter, four weeks growth after an essential clip.

Love you Bax!

biocooncat thank you x
#thecatgroomer #catgrooming #catgroomer #mainecooncats #lovecats #mainecoon #mainecoonlovers #catsmakemehappyâ€¦ https://t.co/kjyEJj07Cz"
